{
  "type": "app",
  "name": "event-report-widget",
  "title": "Event Report Widget",
  "description": "Dashboard widget to display events list",
  "dataStoreNamespace": "event-report-widget",
  "customAuthorities": [
    "TRACKER_CAPTURE_ACCESS",
    "MY_ORG_UNIT_DATA"
  ],
  "dashboardWidget": {
    "displayName": "Event report Widget",
    "description": "Displays recent event with links to the tracker/ capture module",
    "icon": {
      "name": "list"
    },
    "minWidth": 400,
    "minHeight": 500,
    "defaultWidth": 550,
    "defaultHeight": 600
  },
  "dashboard": {
    "hideTitle": true,
    "hideGlobalHeaderAndSideBar": true
  },
  "version": "1.0.0",
  "entryPoints": {
    "app": "index.html",
    "plugin": "plugin.html"
  }
}
